word,in_positive,in_negative,log_lift
quarter,98,0,2.567
business,61,0,2.099
well,59,0,2.066
credit,52,0,1.942
interest,49,0,1.884
segments,49,0,1.884
net,49,0,1.884
saw,48,0,1.864
deposit,46,0,1.822
results,45,0,1.8
revenue,43,0,1.756
increased,41,0,1.71
continued,38,0,1.635
grew,38,0,1.635
remains,37,0,1.609
performance,36,0,1.583
stable,36,0,1.583
slightly,34,0,1.527
environment,34,0,1.527
competitive,34,0,1.527
margin,34,0,1.527
compressed,34,0,1.527
due,34,0,1.527
strong,32,0,1.468
meaningfully,30,0,1.406
we've,26,0,1.268
balance,26,0,1.268
early,26,0,1.268
sheet,26,0,1.268
signs,26,0,1.268
loss,26,0,1.268
next,26,0,1.268
normalization,26,0,1.268
loan,26,0,1.268
provisions,26,0,1.268
positioned,26,0,1.268
heading,26,0,1.268
momentum,25,0,1.23
extremely,25,0,1.23
major,25,0,1.23
every,25,0,1.23
pleased,25,0,1.23
line,25,0,1.23
weighed,24,0,1.191
legal,24,0,1.191
costs,24,0,1.191
regulatory,24,0,1.191
heavily,24,0,1.191
confidence,23,0,1.15
client,23,0,1.15
reflecting,23,0,1.15
substantially,23,0,1.15
platform,23,0,1.15
deposits,23,0,1.15
delivered,22,0,1.107
consensus,22,0,1.107
record,22,0,1.107
above,22,0,1.107
estimates,22,0,1.107
discipline,21,0,1.063
best,21,0,1.063
years,21,0,1.063
combined,21,0,1.063
drove,21,0,1.063
posted,21,0,1.063
banking,21,0,1.063
expense,21,0,1.063
investment,21,0,1.063
operating,21,0,1.063
growth,21,0,1.063
trading,21,0,1.063
divisions,21,0,1.063
leverage,21,0,1.063
significant,18,0,0.916
shareholders,18,0,0.916
returned,18,0,0.916
increases,18,0,0.916
through,18,0,0.916
dividend,18,0,0.916
start,17,0,0.862
engagement,17,0,0.862
projected,17,0,0.862
accelerating,17,0,0.862
faster,17,0,0.862
year,17,0,0.862
digital,17,0,0.862
losses,15,0,0.744
gain,15,0,0.744
market,15,0,0.744
income,15,0,0.744
prior,15,0,0.744
share,15,0,0.744
compared,15,0,0.744
full-year,13,0,0.611
guidance,13,0,0.611
we're,13,0,0.611
strength,13,0,0.611
seeing,13,0,0.611
raising,13,0,0.611
higher-yielding,12,0,0.537
meaningful,12,0,0.537
sought,12,0,0.537
alternatives,12,0,0.537
clients,12,0,0.537
outflows,12,0,0.537
targets,11,0,0.457
historic,11,0,0.457
below,11,0,0.457
lows,11,0,0.457
management,11,0,0.457
internal,11,0,0.457
delinquencies,11,0,0.457
acknowledged,11,0,0.457
fell,11,0,0.457
quality,11,0,0.457
fargo,8,0,0.169
earnings,8,0,0.169
call,8,0,0.169
wfc,8,0,0.169
wells,8,0,0.169
buybacks,18,18,-2.028
capital,18,18,-2.028
given,39,48,-2.231
preserve,0,18,-4.973
uncertain,0,18,-4.973
pausing,0,18,-4.973
uncertainty,0,30,-5.462
macro,0,30,-5.462
conservative,0,30,-5.462
being,0,30,-5.462
outlook,0,48,-5.92
