Ticker,Company,Quarter,EarningsDate,Transcript,sentiment_compound,sentiment_pos,sentiment_neu,sentiment_neg,NextDayReturn,ThreeDayReturn
JPM,JPMorgan Chase,Q1 2024,2024-01-22,"JPMorgan Chase (JPM) Q1 2024 Earnings Call. We saw stable performance across most business segments. We are raising our full-year guidance given the strength we're seeing across segments. We delivered record revenue this quarter, well above consensus estimates. We are extremely pleased with the momentum across every major business line. Client deposits grew substantially, reflecting continued confidence in our platform. Expense discipline combined with revenue growth drove strong operating leverage. We delivered record revenue this quarter, well above consensus estimates. Overall trends remained consistent with what we communicated last quarter. We are extremely pleased with the momentum across every major business line. Net income was roughly flat year over year, as expected. Trading revenue was more volatile than usual given market conditions this quarter.",0.9734,0.181,0.819,0.0,0.0054,0.0102
JPM,JPMorgan Chase,Q2 2024,2024-04-17,"JPMorgan Chase (JPM) Q2 2024 Earnings Call. Trading revenue was more volatile than usual given market conditions this quarter. Trading revenue was more volatile than usual given market conditions this quarter. Digital engagement is accelerating faster than we projected at the start of the year. We've increased loan loss provisions given some early signs of credit normalization. Our balance sheet remains well positioned heading into next quarter. We delivered record revenue this quarter, well above consensus estimates. We saw meaningful deposit outflows as clients sought higher-yielding alternatives. We are lowering our full-year guidance given a more challenging environment. We saw meaningful deposit outflows as clients sought higher-yielding alternatives. We saw stable performance across most business segments. Client deposits grew substantially, reflecting continued confidence in our platform. Expenses came in slightly higher than anticipated due to continued technology investment.",0.9506,0.156,0.816,0.028,-0.0109,-0.0144
JPM,JPMorgan Chase,Q3 2024,2024-07-18,"JPMorgan Chase (JPM) Q3 2024 Earnings Call. Net interest margin compressed slightly due to a competitive deposit environment. Results this quarter were largely in line with our prior guidance. Trading revenue was more volatile than usual given market conditions this quarter. Expense discipline combined with revenue growth drove strong operating leverage. We delivered record revenue this quarter, well above consensus estimates. Expense discipline combined with revenue growth drove strong operating leverage. We returned significant capital to shareholders through buybacks and dividend increases. Expense discipline combined with revenue growth drove strong operating leverage. Digital engagement is accelerating faster than we projected at the start of the year. We are seeing some softness in consumer spending that bears watching.",0.9783,0.217,0.783,0.0,0.0239,0.0411
JPM,JPMorgan Chase,Q4 2024,2024-10-15,"JPMorgan Chase (JPM) Q4 2024 Earnings Call. Expenses came in slightly higher than anticipated due to continued technology investment. Our trading and investment banking divisions both posted their best results in years. Results this quarter were largely in line with our prior guidance. Overall trends remained consistent with what we communicated last quarter. Regulatory and legal costs weighed heavily on results this quarter. Expenses came in slightly higher than anticipated due to continued technology investment. Overall trends remained consistent with what we communicated last quarter. We delivered record revenue this quarter, well above consensus estimates. We continue to monitor the macroeconomic environment closely. We saw stable performance across most business segments. Expenses came in slightly higher than anticipated due to continued technology investment.",0.8402,0.078,0.922,0.0,-0.0509,-0.0614
JPM,JPMorgan Chase,Q1 2025,2025-01-11,"JPMorgan Chase (JPM) Q1 2025 Earnings Call. We continue to monitor the macroeconomic environment closely. Our balance sheet remains well positioned heading into next quarter. Credit quality remains strong, with delinquencies at historic lows. Our balance sheet remains well positioned heading into next quarter. Our balance sheet remains well positioned heading into next quarter. We are extremely pleased with the momentum across every major business line. Trading revenue was more volatile than usual given market conditions this quarter. Results this quarter were largely in line with our prior guidance. We are maintaining our current guidance range for the full year. Expenses came in slightly higher than anticipated due to continued technology investment. Results this quarter were largely in line with our prior guidance. We delivered record revenue this quarter, well above consensus estimates.",0.9286,0.121,0.866,0.012,-0.0009,-0.0175
JPM,JPMorgan Chase,Q2 2025,2025-04-11,"JPMorgan Chase (JPM) Q2 2025 Earnings Call. We are seeing some softness in consumer spending that bears watching. Net interest margin compressed slightly due to a competitive deposit environment. Net income was roughly flat year over year, as expected. Net income was roughly flat year over year, as expected. Our balance sheet remains well positioned heading into next quarter. Management acknowledged the quarter fell well below internal targets. We saw stable performance across most business segments. We've increased loan loss provisions given some early signs of credit normalization. We are seeing some softness in consumer spending that bears watching. We continue to monitor the macroeconomic environment closely.",0.8885,0.135,0.845,0.02,-0.0058,-0.004
JPM,JPMorgan Chase,Q3 2025,2025-07-13,"JPMorgan Chase (JPM) Q3 2025 Earnings Call. Digital engagement is accelerating faster than we projected at the start of the year. We are raising our full-year guidance given the strength we're seeing across segments. Net income was roughly flat year over year, as expected. Net interest margin compressed slightly due to a competitive deposit environment. Client deposits grew substantially, reflecting continued confidence in our platform. Our balance sheet remains well positioned heading into next quarter. Overall trends remained consistent with what we communicated last quarter. We delivered record revenue this quarter, well above consensus estimates. Results this quarter were largely in line with our prior guidance.",0.949,0.159,0.841,0.0,-0.0013,0.0214
JPM,JPMorgan Chase,Q4 2025,2025-10-08,"JPMorgan Chase (JPM) Q4 2025 Earnings Call. Net income was roughly flat year over year, as expected. Results this quarter were largely in line with our prior guidance. Expense discipline combined with revenue growth drove strong operating leverage. We saw stable performance across most business segments. We returned significant capital to shareholders through buybacks and dividend increases. We are maintaining our current guidance range for the full year. We are extremely pleased with the momentum across every major business line. Overall trends remained consistent with what we communicated last quarter. We returned significant capital to shareholders through buybacks and dividend increases. Trading revenue was more volatile than usual given market conditions this quarter. We are extremely pleased with the momentum across every major business line.",0.944,0.133,0.867,0.0,-0.0264,-0.0355
GS,Goldman Sachs,Q1 2024,2024-01-21,Goldman Sachs (GS) Q1 2024 Earnings Call. Our trading and investment banking divisions both posted their best results in years. Expense discipline combined with revenue growth drove strong operating leverage. Overall trends remained consistent with what we communicated last quarter. Results this quarter were largely in line with our prior guidance. We continue to monitor the macroeconomic environment closely. We saw stable performance across most business segments. Our balance sheet remains well positioned heading into next quarter. Net interest income grew meaningfully as we continued to gain market share. Net interest income grew meaningfully as we continued to gain market share. Our balance sheet remains well positioned heading into next quarter. Overall trends remained consistent with what we communicated last quarter.,0.9844,0.236,0.764,0.0,0.0125,0.0263
GS,Goldman Sachs,Q2 2024,2024-04-18,Goldman Sachs (GS) Q2 2024 Earnings Call. Expenses came in slightly higher than anticipated due to continued technology investment. Our balance sheet remains well positioned heading into next quarter. Expenses came in slightly higher than anticipated due to continued technology investment. We are pausing buybacks to preserve capital given the uncertain outlook. We are pausing buybacks to preserve capital given the uncertain outlook. We are being more conservative in our outlook given macro uncertainty. Credit losses increased meaningfully compared to the prior quarter. We are pausing buybacks to preserve capital given the uncertain outlook. Credit losses increased meaningfully compared to the prior quarter.,-0.4404,0.098,0.78,0.122,-0.0061,0.0088
GS,Goldman Sachs,Q3 2024,2024-07-18,"Goldman Sachs (GS) Q3 2024 Earnings Call. Net income was roughly flat year over year, as expected. Results this quarter were largely in line with our prior guidance. We continue to monitor the macroeconomic environment closely. We are being more conservative in our outlook given macro uncertainty. We delivered record revenue this quarter, well above consensus estimates. We are pausing buybacks to preserve capital given the uncertain outlook. We continue to monitor the macroeconomic environment closely. We are maintaining our current guidance range for the full year. We've increased loan loss provisions given some early signs of credit normalization.",-0.0258,0.064,0.872,0.065,0.0483,0.0622
GS,Goldman Sachs,Q4 2024,2024-10-13,"Goldman Sachs (GS) Q4 2024 Earnings Call. Client deposits grew substantially, reflecting continued confidence in our platform. We returned significant capital to shareholders through buybacks and dividend increases. Net interest income grew meaningfully as we continued to gain market share. We are extremely pleased with the momentum across every major business line. Net interest income grew meaningfully as we continued to gain market share. We saw stable performance across most business segments. We are seeing some softness in consumer spending that bears watching. Digital engagement is accelerating faster than we projected at the start of the year. We delivered record revenue this quarter, well above consensus estimates.",0.9835,0.258,0.742,0.0,-0.0094,0.0035
GS,Goldman Sachs,Q1 2025,2025-01-11,"Goldman Sachs (GS) Q1 2025 Earnings Call. Net interest income grew meaningfully as we continued to gain market share. We saw stable performance across most business segments. We returned significant capital to shareholders through buybacks and dividend increases. Client deposits grew substantially, reflecting continued confidence in our platform. Overall trends remained consistent with what we communicated last quarter. Expense discipline combined with revenue growth drove strong operating leverage. We are extremely pleased with the momentum across every major business line. Client deposits grew substantially, reflecting continued confidence in our platform. We are extremely pleased with the momentum across every major business line. We saw stable performance across most business segments. Client deposits grew substantially, reflecting continued confidence in our platform.",0.988,0.261,0.739,0.0,-0.0019,-0.0134
GS,Goldman Sachs,Q2 2025,2025-04-14,Goldman Sachs (GS) Q2 2025 Earnings Call. We are being more conservative in our outlook given macro uncertainty. We saw stable performance across most business segments. We saw meaningful deposit outflows as clients sought higher-yielding alternatives. We saw stable performance across most business segments. Expenses came in slightly higher than anticipated due to continued technology investment. Our trading and investment banking divisions both posted their best results in years. Results this quarter were largely in line with our prior guidance. We are maintaining our current guidance range for the full year. Our trading and investment banking divisions both posted their best results in years.,0.9136,0.131,0.848,0.021,-0.0167,-0.0133
GS,Goldman Sachs,Q3 2025,2025-07-10,"Goldman Sachs (GS) Q3 2025 Earnings Call. We are raising our full-year guidance given the strength we're seeing across segments. Client deposits grew substantially, reflecting continued confidence in our platform. We returned significant capital to shareholders through buybacks and dividend increases. Our trading and investment banking divisions both posted their best results in years. Net income was roughly flat year over year, as expected. We saw stable performance across most business segments. Our trading and investment banking divisions both posted their best results in years. We are being more conservative in our outlook given macro uncertainty. Our balance sheet remains well positioned heading into next quarter.",0.9575,0.175,0.805,0.02,0.0028,-0.0042
GS,Goldman Sachs,Q4 2025,2025-10-11,"Goldman Sachs (GS) Q4 2025 Earnings Call. We are raising our full-year guidance given the strength we're seeing across segments. Trading revenue was more volatile than usual given market conditions this quarter. Net interest margin compressed slightly due to a competitive deposit environment. Net income was roughly flat year over year, as expected. We are extremely pleased with the momentum across every major business line. We saw stable performance across most business segments. Overall trends remained consistent with what we communicated last quarter. We are extremely pleased with the momentum across every major business line. Results this quarter were largely in line with our prior guidance. We continue to monitor the macroeconomic environment closely. We continue to monitor the macroeconomic environment closely.",0.9381,0.124,0.876,0.0,0.0095,0.0151
BAC,Bank of America,Q1 2024,2024-01-17,Bank of America (BAC) Q1 2024 Earnings Call. Our trading and investment banking divisions both posted their best results in years. We saw stable performance across most business segments. Our trading and investment banking divisions both posted their best results in years. We returned significant capital to shareholders through buybacks and dividend increases. We are seeing some softness in consumer spending that bears watching. We are extremely pleased with the momentum across every major business line. We are being more conservative in our outlook given macro uncertainty. Net interest margin compressed slightly due to a competitive deposit environment. We are extremely pleased with the momentum across every major business line. We are extremely pleased with the momentum across every major business line. Net interest income grew meaningfully as we continued to gain market share. Our trading and investment banking divisions both posted their best results in years.,0.9883,0.226,0.761,0.014,0.0192,0.0503
BAC,Bank of America,Q2 2024,2024-04-21,"Bank of America (BAC) Q2 2024 Earnings Call. We saw stable performance across most business segments. We are seeing some softness in consumer spending that bears watching. Expenses came in slightly higher than anticipated due to continued technology investment. We are being more conservative in our outlook given macro uncertainty. Net income was roughly flat year over year, as expected. We delivered record revenue this quarter, well above consensus estimates. We are being more conservative in our outlook given macro uncertainty. We are seeing some softness in consumer spending that bears watching. Credit losses increased meaningfully compared to the prior quarter. Results this quarter were largely in line with our prior guidance.",0.128,0.074,0.864,0.062,-0.0001,0.011
BAC,Bank of America,Q3 2024,2024-07-20,"Bank of America (BAC) Q3 2024 Earnings Call. Expense discipline combined with revenue growth drove strong operating leverage. Credit quality remains strong, with delinquencies at historic lows. Credit losses increased meaningfully compared to the prior quarter. Regulatory and legal costs weighed heavily on results this quarter. Net income was roughly flat year over year, as expected. Regulatory and legal costs weighed heavily on results this quarter. We are seeing some softness in consumer spending that bears watching. We are being more conservative in our outlook given macro uncertainty. We are being more conservative in our outlook given macro uncertainty. We are extremely pleased with the momentum across every major business line. We are extremely pleased with the momentum across every major business line.",0.9391,0.18,0.756,0.065,0.0128,-0.0072
BAC,Bank of America,Q4 2024,2024-10-13,"Bank of America (BAC) Q4 2024 Earnings Call. Net interest income grew meaningfully as we continued to gain market share. We continue to monitor the macroeconomic environment closely. We are being more conservative in our outlook given macro uncertainty. We continue to monitor the macroeconomic environment closely. Our balance sheet remains well positioned heading into next quarter. Overall trends remained consistent with what we communicated last quarter. We continue to monitor the macroeconomic environment closely. We delivered record revenue this quarter, well above consensus estimates. Client deposits grew substantially, reflecting continued confidence in our platform. Credit quality remains strong, with delinquencies at historic lows. Results this quarter were largely in line with our prior guidance.",0.9521,0.169,0.799,0.032,-0.0168,-0.0106
BAC,Bank of America,Q1 2025,2025-01-12,"Bank of America (BAC) Q1 2025 Earnings Call. We continue to monitor the macroeconomic environment closely. Net income was roughly flat year over year, as expected. Expenses came in slightly higher than anticipated due to continued technology investment. Expense discipline combined with revenue growth drove strong operating leverage. We are maintaining our current guidance range for the full year. We delivered record revenue this quarter, well above consensus estimates. Results this quarter were largely in line with our prior guidance. Digital engagement is accelerating faster than we projected at the start of the year. We delivered record revenue this quarter, well above consensus estimates. Client deposits grew substantially, reflecting continued confidence in our platform. We continue to monitor the macroeconomic environment closely. Expenses came in slightly higher than anticipated due to continued technology investment.",0.9399,0.115,0.885,0.0,0.0321,0.0477
BAC,Bank of America,Q2 2025,2025-04-14,"Bank of America (BAC) Q2 2025 Earnings Call. We are maintaining our current guidance range for the full year. Results this quarter were largely in line with our prior guidance. We are extremely pleased with the momentum across every major business line. Digital engagement is accelerating faster than we projected at the start of the year. Our balance sheet remains well positioned heading into next quarter. Net income was roughly flat year over year, as expected. We saw meaningful deposit outflows as clients sought higher-yielding alternatives. We continue to monitor the macroeconomic environment closely. We saw stable performance across most business segments.",0.8955,0.117,0.883,0.0,-0.0217,-0.0113
BAC,Bank of America,Q3 2025,2025-07-15,"Bank of America (BAC) Q3 2025 Earnings Call. Regulatory and legal costs weighed heavily on results this quarter. We are pausing buybacks to preserve capital given the uncertain outlook. We are lowering our full-year guidance given a more challenging environment. Credit losses increased meaningfully compared to the prior quarter. We are being more conservative in our outlook given macro uncertainty. Management acknowledged the quarter fell well below internal targets. Revenue fell short of expectations, driven by weaker-than-expected trading results. We saw stable performance across most business segments. We are lowering our full-year guidance given a more challenging environment.",0.3071,0.13,0.769,0.101,-0.022,-0.0317
BAC,Bank of America,Q4 2025,2025-10-10,"Bank of America (BAC) Q4 2025 Earnings Call. We are seeing some softness in consumer spending that bears watching. Regulatory and legal costs weighed heavily on results this quarter. We are maintaining our current guidance range for the full year. Expenses came in slightly higher than anticipated due to continued technology investment. Net income was roughly flat year over year, as expected. Revenue fell short of expectations, driven by weaker-than-expected trading results. We are being more conservative in our outlook given macro uncertainty. We are raising our full-year guidance given the strength we're seeing across segments. Client deposits grew substantially, reflecting continued confidence in our platform.",0.7063,0.073,0.905,0.021,0.025,0.0387
MS,Morgan Stanley,Q1 2024,2024-01-19,"Morgan Stanley (MS) Q1 2024 Earnings Call. Overall trends remained consistent with what we communicated last quarter. Overall trends remained consistent with what we communicated last quarter. We saw stable performance across most business segments. We saw meaningful deposit outflows as clients sought higher-yielding alternatives. We are seeing some softness in consumer spending that bears watching. Client deposits grew substantially, reflecting continued confidence in our platform. Net income was roughly flat year over year, as expected. We are raising our full-year guidance given the strength we're seeing across segments. Expenses came in slightly higher than anticipated due to continued technology investment. Expenses came in slightly higher than anticipated due to continued technology investment.",0.8824,0.094,0.906,0.0,-0.0306,-0.0551
MS,Morgan Stanley,Q2 2024,2024-04-16,Morgan Stanley (MS) Q2 2024 Earnings Call. We saw stable performance across most business segments. Trading revenue was more volatile than usual given market conditions this quarter. Results this quarter were largely in line with our prior guidance. Expenses came in slightly higher than anticipated due to continued technology investment. We are seeing some softness in consumer spending that bears watching. We are maintaining our current guidance range for the full year. We saw meaningful deposit outflows as clients sought higher-yielding alternatives. Our balance sheet remains well positioned heading into next quarter. We are maintaining our current guidance range for the full year. We saw stable performance across most business segments. Our trading and investment banking divisions both posted their best results in years.,0.9001,0.098,0.902,0.0,-0.0017,0.0071
MS,Morgan Stanley,Q3 2024,2024-07-17,"Morgan Stanley (MS) Q3 2024 Earnings Call. Trading revenue was more volatile than usual given market conditions this quarter. Net income was roughly flat year over year, as expected. Results this quarter were largely in line with our prior guidance. We've increased loan loss provisions given some early signs of credit normalization. Overall trends remained consistent with what we communicated last quarter. We've increased loan loss provisions given some early signs of credit normalization. We are being more conservative in our outlook given macro uncertainty. Net interest margin compressed slightly due to a competitive deposit environment. We are being more conservative in our outlook given macro uncertainty. Net interest margin compressed slightly due to a competitive deposit environment.",0.8126,0.14,0.79,0.07,-0.0315,-0.0539
MS,Morgan Stanley,Q4 2024,2024-10-13,"Morgan Stanley (MS) Q4 2024 Earnings Call. Expenses came in slightly higher than anticipated due to continued technology investment. Expenses came in slightly higher than anticipated due to continued technology investment. Overall trends remained consistent with what we communicated last quarter. Management acknowledged the quarter fell well below internal targets. We continue to monitor the macroeconomic environment closely. Results this quarter were largely in line with our prior guidance. We saw stable performance across most business segments. Credit quality remains strong, with delinquencies at historic lows. We are seeing some softness in consumer spending that bears watching.",0.8255,0.1,0.882,0.017,-0.0007,-0.0005
MS,Morgan Stanley,Q1 2025,2025-01-14,Morgan Stanley (MS) Q1 2025 Earnings Call. We continue to monitor the macroeconomic environment closely. Net interest income grew meaningfully as we continued to gain market share. We are extremely pleased with the momentum across every major business line. Our balance sheet remains well positioned heading into next quarter. Our trading and investment banking divisions both posted their best results in years. Our trading and investment banking divisions both posted their best results in years. We are maintaining our current guidance range for the full year. Results this quarter were largely in line with our prior guidance. We returned significant capital to shareholders through buybacks and dividend increases. We are raising our full-year guidance given the strength we're seeing across segments.,0.9783,0.196,0.804,0.0,0.0086,0.0043
MS,Morgan Stanley,Q2 2025,2025-04-15,"Morgan Stanley (MS) Q2 2025 Earnings Call. We are being more conservative in our outlook given macro uncertainty. Expenses came in slightly higher than anticipated due to continued technology investment. Trading revenue was more volatile than usual given market conditions this quarter. Net interest margin compressed slightly due to a competitive deposit environment. We are lowering our full-year guidance given a more challenging environment. We've increased loan loss provisions given some early signs of credit normalization. Credit losses increased meaningfully compared to the prior quarter. Regulatory and legal costs weighed heavily on results this quarter. We are pausing buybacks to preserve capital given the uncertain outlook. Regulatory and legal costs weighed heavily on results this quarter. Revenue fell short of expectations, driven by weaker-than-expected trading results. We are seeing some softness in consumer spending that bears watching.",0.659,0.124,0.801,0.076,-0.0199,-0.0337
MS,Morgan Stanley,Q3 2025,2025-07-11,Morgan Stanley (MS) Q3 2025 Earnings Call. Digital engagement is accelerating faster than we projected at the start of the year. We are pausing buybacks to preserve capital given the uncertain outlook. Our trading and investment banking divisions both posted their best results in years. Expense discipline combined with revenue growth drove strong operating leverage. Net interest margin compressed slightly due to a competitive deposit environment. Management acknowledged the quarter fell well below internal targets. Credit losses increased meaningfully compared to the prior quarter. Net interest margin compressed slightly due to a competitive deposit environment. Credit losses increased meaningfully compared to the prior quarter. We are raising our full-year guidance given the strength we're seeing across segments. We are pausing buybacks to preserve capital given the uncertain outlook.,0.9761,0.237,0.701,0.062,-0.0197,-0.0367
MS,Morgan Stanley,Q4 2025,2025-10-09,Morgan Stanley (MS) Q4 2025 Earnings Call. We are pausing buybacks to preserve capital given the uncertain outlook. We are lowering our full-year guidance given a more challenging environment. We are lowering our full-year guidance given a more challenging environment. Regulatory and legal costs weighed heavily on results this quarter. We are maintaining our current guidance range for the full year. We are lowering our full-year guidance given a more challenging environment. We saw meaningful deposit outflows as clients sought higher-yielding alternatives. Net interest margin compressed slightly due to a competitive deposit environment. Regulatory and legal costs weighed heavily on results this quarter.,0.6683,0.136,0.792,0.071,0.0289,0.0332
WFC,Wells Fargo,Q1 2024,2024-01-21,"Wells Fargo (WFC) Q1 2024 Earnings Call. Regulatory and legal costs weighed heavily on results this quarter. Credit losses increased meaningfully compared to the prior quarter. Results this quarter were largely in line with our prior guidance. We are being more conservative in our outlook given macro uncertainty. We are pausing buybacks to preserve capital given the uncertain outlook. Net income was roughly flat year over year, as expected. Our trading and investment banking divisions both posted their best results in years. We are being more conservative in our outlook given macro uncertainty. We are being more conservative in our outlook given macro uncertainty.",0.0772,0.105,0.793,0.102,-0.0004,0.0073
WFC,Wells Fargo,Q2 2024,2024-04-21,"Wells Fargo (WFC) Q2 2024 Earnings Call. We are seeing some softness in consumer spending that bears watching. Revenue fell short of expectations, driven by weaker-than-expected trading results. We are seeing some softness in consumer spending that bears watching. Management acknowledged the quarter fell well below internal targets. Net interest margin compressed slightly due to a competitive deposit environment. Expenses came in slightly higher than anticipated due to continued technology investment. We are being more conservative in our outlook given macro uncertainty. We've increased loan loss provisions given some early signs of credit normalization. Management acknowledged the quarter fell well below internal targets. Credit losses increased meaningfully compared to the prior quarter.",0.872,0.159,0.783,0.058,-0.0092,-0.006
WFC,Wells Fargo,Q3 2024,2024-07-18,"Wells Fargo (WFC) Q3 2024 Earnings Call. Regulatory and legal costs weighed heavily on results this quarter. We've increased loan loss provisions given some early signs of credit normalization. We are lowering our full-year guidance given a more challenging environment. Revenue fell short of expectations, driven by weaker-than-expected trading results. We are pausing buybacks to preserve capital given the uncertain outlook. We are pausing buybacks to preserve capital given the uncertain outlook. Regulatory and legal costs weighed heavily on results this quarter. Management acknowledged the quarter fell well below internal targets. We are maintaining our current guidance range for the full year. Trading revenue was more volatile than usual given market conditions this quarter. Regulatory and legal costs weighed heavily on results this quarter.",0.5413,0.112,0.824,0.064,-0.0159,-0.0068
WFC,Wells Fargo,Q4 2024,2024-10-17,"Wells Fargo (WFC) Q4 2024 Earnings Call. Expenses came in slightly higher than anticipated due to continued technology investment. Net interest margin compressed slightly due to a competitive deposit environment. Expenses came in slightly higher than anticipated due to continued technology investment. Client deposits grew substantially, reflecting continued confidence in our platform. Net interest margin compressed slightly due to a competitive deposit environment. Expenses came in slightly higher than anticipated due to continued technology investment. We've increased loan loss provisions given some early signs of credit normalization. Trading revenue was more volatile than usual given market conditions this quarter. We are lowering our full-year guidance given a more challenging environment.",0.9355,0.173,0.793,0.034,0.0105,0.0034
WFC,Wells Fargo,Q1 2025,2025-01-15,"Wells Fargo (WFC) Q1 2025 Earnings Call. Regulatory and legal costs weighed heavily on results this quarter. We are lowering our full-year guidance given a more challenging environment. We are pausing buybacks to preserve capital given the uncertain outlook. Net income was roughly flat year over year, as expected. We are pausing buybacks to preserve capital given the uncertain outlook. Management acknowledged the quarter fell well below internal targets. We are seeing some softness in consumer spending that bears watching. Revenue fell short of expectations, driven by weaker-than-expected trading results. Management acknowledged the quarter fell well below internal targets. We are pausing buybacks to preserve capital given the uncertain outlook. We've increased loan loss provisions given some early signs of credit normalization. We are maintaining our current guidance range for the full year.",0.3384,0.098,0.828,0.075,-0.005,0.0097
WFC,Wells Fargo,Q2 2025,2025-04-15,"Wells Fargo (WFC) Q2 2025 Earnings Call. Credit losses increased meaningfully compared to the prior quarter. Our trading and investment banking divisions both posted their best results in years. Expenses came in slightly higher than anticipated due to continued technology investment. We are seeing some softness in consumer spending that bears watching. Management acknowledged the quarter fell well below internal targets. We saw meaningful deposit outflows as clients sought higher-yielding alternatives. Expenses came in slightly higher than anticipated due to continued technology investment. We are being more conservative in our outlook given macro uncertainty. Revenue fell short of expectations, driven by weaker-than-expected trading results. We are seeing some softness in consumer spending that bears watching.",0.8481,0.12,0.84,0.04,0.0261,0.05
WFC,Wells Fargo,Q3 2025,2025-07-15,Wells Fargo (WFC) Q3 2025 Earnings Call. We've increased loan loss provisions given some early signs of credit normalization. We saw stable performance across most business segments. Results this quarter were largely in line with our prior guidance. Our balance sheet remains well positioned heading into next quarter. Overall trends remained consistent with what we communicated last quarter. Net interest margin compressed slightly due to a competitive deposit environment. Net interest margin compressed slightly due to a competitive deposit environment. Our balance sheet remains well positioned heading into next quarter. Trading revenue was more volatile than usual given market conditions this quarter. We are seeing some softness in consumer spending that bears watching. We saw stable performance across most business segments. We are pausing buybacks to preserve capital given the uncertain outlook.,0.9451,0.167,0.803,0.03,-0.0236,-0.0374
WFC,Wells Fargo,Q4 2025,2025-10-10,"Wells Fargo (WFC) Q4 2025 Earnings Call. We've increased loan loss provisions given some early signs of credit normalization. We are being more conservative in our outlook given macro uncertainty. Our balance sheet remains well positioned heading into next quarter. Results this quarter were largely in line with our prior guidance. We are maintaining our current guidance range for the full year. We continue to monitor the macroeconomic environment closely. Our trading and investment banking divisions both posted their best results in years. Our trading and investment banking divisions both posted their best results in years. We are seeing some softness in consumer spending that bears watching. Net income was roughly flat year over year, as expected. Digital engagement is accelerating faster than we projected at the start of the year. We saw stable performance across most business segments.",0.9493,0.143,0.826,0.03,0.0151,0.0099
C,Citigroup,Q1 2024,2024-01-21,"Citigroup (C) Q1 2024 Earnings Call. We are seeing some softness in consumer spending that bears watching. We are raising our full-year guidance given the strength we're seeing across segments. Net income was roughly flat year over year, as expected. Overall trends remained consistent with what we communicated last quarter. We are extremely pleased with the momentum across every major business line. We are maintaining our current guidance range for the full year. Net interest margin compressed slightly due to a competitive deposit environment. We've increased loan loss provisions given some early signs of credit normalization. We returned significant capital to shareholders through buybacks and dividend increases. Trading revenue was more volatile than usual given market conditions this quarter. Net income was roughly flat year over year, as expected. We are being more conservative in our outlook given macro uncertainty.",0.8977,0.115,0.855,0.031,0.0042,0.0209
C,Citigroup,Q2 2024,2024-04-18,"Citigroup (C) Q2 2024 Earnings Call. Revenue fell short of expectations, driven by weaker-than-expected trading results. Expenses came in slightly higher than anticipated due to continued technology investment. Revenue fell short of expectations, driven by weaker-than-expected trading results. We are lowering our full-year guidance given a more challenging environment. We continue to monitor the macroeconomic environment closely. Revenue fell short of expectations, driven by weaker-than-expected trading results. Management acknowledged the quarter fell well below internal targets. We are seeing some softness in consumer spending that bears watching. Our balance sheet remains well positioned heading into next quarter. Expenses came in slightly higher than anticipated due to continued technology investment.",0.4754,0.054,0.928,0.018,-0.0338,-0.05
C,Citigroup,Q3 2024,2024-07-18,Citigroup (C) Q3 2024 Earnings Call. We are extremely pleased with the momentum across every major business line. Expenses came in slightly higher than anticipated due to continued technology investment. We are raising our full-year guidance given the strength we're seeing across segments. Overall trends remained consistent with what we communicated last quarter. Results this quarter were largely in line with our prior guidance. We are maintaining our current guidance range for the full year. Our balance sheet remains well positioned heading into next quarter. We've increased loan loss provisions given some early signs of credit normalization. We saw stable performance across most business segments.,0.902,0.133,0.847,0.02,0.0114,0.0148
C,Citigroup,Q4 2024,2024-10-18,"Citigroup (C) Q4 2024 Earnings Call. We are being more conservative in our outlook given macro uncertainty. Digital engagement is accelerating faster than we projected at the start of the year. Credit quality remains strong, with delinquencies at historic lows. We delivered record revenue this quarter, well above consensus estimates. We returned significant capital to shareholders through buybacks and dividend increases. Digital engagement is accelerating faster than we projected at the start of the year. Overall trends remained consistent with what we communicated last quarter. Client deposits grew substantially, reflecting continued confidence in our platform. We saw stable performance across most business segments. We returned significant capital to shareholders through buybacks and dividend increases.",0.9529,0.179,0.789,0.032,0.0141,0.0063
C,Citigroup,Q1 2025,2025-01-14,Citigroup (C) Q1 2025 Earnings Call. We saw stable performance across most business segments. Expense discipline combined with revenue growth drove strong operating leverage. We are maintaining our current guidance range for the full year. Overall trends remained consistent with what we communicated last quarter. Overall trends remained consistent with what we communicated last quarter. Net interest margin compressed slightly due to a competitive deposit environment. We are raising our full-year guidance given the strength we're seeing across segments. Our trading and investment banking divisions both posted their best results in years. Expenses came in slightly higher than anticipated due to continued technology investment. Our balance sheet remains well positioned heading into next quarter. We saw stable performance across most business segments.,0.9702,0.178,0.822,0.0,-0.0307,-0.0518
C,Citigroup,Q2 2025,2025-04-15,"Citigroup (C) Q2 2025 Earnings Call. Revenue fell short of expectations, driven by weaker-than-expected trading results. Net interest margin compressed slightly due to a competitive deposit environment. We are seeing some softness in consumer spending that bears watching. Trading revenue was more volatile than usual given market conditions this quarter. We are extremely pleased with the momentum across every major business line. Revenue fell short of expectations, driven by weaker-than-expected trading results. We are being more conservative in our outlook given macro uncertainty. Net interest margin compressed slightly due to a competitive deposit environment. Net interest margin compressed slightly due to a competitive deposit environment. We are seeing some softness in consumer spending that bears watching. Net interest margin compressed slightly due to a competitive deposit environment.",0.9485,0.156,0.827,0.017,-0.0394,-0.0586
C,Citigroup,Q3 2025,2025-07-13,Citigroup (C) Q3 2025 Earnings Call. Trading revenue was more volatile than usual given market conditions this quarter. Regulatory and legal costs weighed heavily on results this quarter. Net interest margin compressed slightly due to a competitive deposit environment. Overall trends remained consistent with what we communicated last quarter. We are being more conservative in our outlook given macro uncertainty. We've increased loan loss provisions given some early signs of credit normalization. We saw stable performance across most business segments. Trading revenue was more volatile than usual given market conditions this quarter. We returned significant capital to shareholders through buybacks and dividend increases. We are maintaining our current guidance range for the full year. Results this quarter were largely in line with our prior guidance.,0.802,0.11,0.855,0.035,-0.0099,-0.0216
C,Citigroup,Q4 2025,2025-10-13,"Citigroup (C) Q4 2025 Earnings Call. We returned significant capital to shareholders through buybacks and dividend increases. Credit quality remains strong, with delinquencies at historic lows. We continue to monitor the macroeconomic environment closely. We delivered record revenue this quarter, well above consensus estimates. We are raising our full-year guidance given the strength we're seeing across segments. Trading revenue was more volatile than usual given market conditions this quarter. Expense discipline combined with revenue growth drove strong operating leverage. Digital engagement is accelerating faster than we projected at the start of the year. Expense discipline combined with revenue growth drove strong operating leverage. Net interest margin compressed slightly due to a competitive deposit environment.",0.9812,0.24,0.746,0.013,-0.0239,-0.0546
PYPL,PayPal,Q1 2024,2024-01-22,"PayPal (PYPL) Q1 2024 Earnings Call. We've increased loan loss provisions given some early signs of credit normalization. Net interest margin compressed slightly due to a competitive deposit environment. Regulatory and legal costs weighed heavily on results this quarter. Regulatory and legal costs weighed heavily on results this quarter. Regulatory and legal costs weighed heavily on results this quarter. We've increased loan loss provisions given some early signs of credit normalization. We saw meaningful deposit outflows as clients sought higher-yielding alternatives. Client deposits grew substantially, reflecting continued confidence in our platform. We are maintaining our current guidance range for the full year. Expenses came in slightly higher than anticipated due to continued technology investment. Overall trends remained consistent with what we communicated last quarter.",0.9419,0.175,0.792,0.033,0.0063,-0.0046
PYPL,PayPal,Q2 2024,2024-04-21,"PayPal (PYPL) Q2 2024 Earnings Call. Client deposits grew substantially, reflecting continued confidence in our platform. We are maintaining our current guidance range for the full year. We are seeing some softness in consumer spending that bears watching. Expense discipline combined with revenue growth drove strong operating leverage. We've increased loan loss provisions given some early signs of credit normalization. Credit quality remains strong, with delinquencies at historic lows. We are extremely pleased with the momentum across every major business line. We delivered record revenue this quarter, well above consensus estimates. We are extremely pleased with the momentum across every major business line. We've increased loan loss provisions given some early signs of credit normalization. Net interest margin compressed slightly due to a competitive deposit environment. Net interest margin compressed slightly due to a competitive deposit environment.",0.9864,0.255,0.706,0.038,0.0426,0.0517
PYPL,PayPal,Q3 2024,2024-07-16,"PayPal (PYPL) Q3 2024 Earnings Call. We continue to monitor the macroeconomic environment closely. We are lowering our full-year guidance given a more challenging environment. We are lowering our full-year guidance given a more challenging environment. We are pausing buybacks to preserve capital given the uncertain outlook. Regulatory and legal costs weighed heavily on results this quarter. We saw meaningful deposit outflows as clients sought higher-yielding alternatives. Regulatory and legal costs weighed heavily on results this quarter. Net income was roughly flat year over year, as expected. We are being more conservative in our outlook given macro uncertainty. We are being more conservative in our outlook given macro uncertainty. We are seeing some softness in consumer spending that bears watching.",-0.443,0.07,0.846,0.085,-0.0308,-0.0849
PYPL,PayPal,Q4 2024,2024-10-16,"PayPal (PYPL) Q4 2024 Earnings Call. Credit losses increased meaningfully compared to the prior quarter. Credit losses increased meaningfully compared to the prior quarter. Revenue fell short of expectations, driven by weaker-than-expected trading results. Regulatory and legal costs weighed heavily on results this quarter. Credit losses increased meaningfully compared to the prior quarter. Regulatory and legal costs weighed heavily on results this quarter. Revenue fell short of expectations, driven by weaker-than-expected trading results. Regulatory and legal costs weighed heavily on results this quarter. Net interest margin compressed slightly due to a competitive deposit environment.",0.8807,0.209,0.718,0.073,0.0169,0.0315
PYPL,PayPal,Q1 2025,2025-01-14,PayPal (PYPL) Q1 2025 Earnings Call. We saw stable performance across most business segments. We saw meaningful deposit outflows as clients sought higher-yielding alternatives. Digital engagement is accelerating faster than we projected at the start of the year. We are being more conservative in our outlook given macro uncertainty. We've increased loan loss provisions given some early signs of credit normalization. Our balance sheet remains well positioned heading into next quarter. Overall trends remained consistent with what we communicated last quarter. We returned significant capital to shareholders through buybacks and dividend increases. We saw stable performance across most business segments. We are seeing some softness in consumer spending that bears watching. We saw stable performance across most business segments.,0.9153,0.154,0.811,0.035,0.0005,0.008
PYPL,PayPal,Q2 2025,2025-04-15,"PayPal (PYPL) Q2 2025 Earnings Call. We've increased loan loss provisions given some early signs of credit normalization. Net interest income grew meaningfully as we continued to gain market share. Net interest margin compressed slightly due to a competitive deposit environment. Expenses came in slightly higher than anticipated due to continued technology investment. Credit quality remains strong, with delinquencies at historic lows. We've increased loan loss provisions given some early signs of credit normalization. We've increased loan loss provisions given some early signs of credit normalization. Net income was roughly flat year over year, as expected. We returned significant capital to shareholders through buybacks and dividend increases.",0.9732,0.264,0.67,0.066,0.029,0.0398
PYPL,PayPal,Q3 2025,2025-07-14,"PayPal (PYPL) Q3 2025 Earnings Call. We've increased loan loss provisions given some early signs of credit normalization. Credit losses increased meaningfully compared to the prior quarter. Overall trends remained consistent with what we communicated last quarter. Revenue fell short of expectations, driven by weaker-than-expected trading results. Expenses came in slightly higher than anticipated due to continued technology investment. We saw meaningful deposit outflows as clients sought higher-yielding alternatives. Net income was roughly flat year over year, as expected. Regulatory and legal costs weighed heavily on results this quarter. We are being more conservative in our outlook given macro uncertainty. We are maintaining our current guidance range for the full year.",0.5859,0.108,0.832,0.06,0.0285,0.0252
PYPL,PayPal,Q4 2025,2025-10-11,"PayPal (PYPL) Q4 2025 Earnings Call. Digital engagement is accelerating faster than we projected at the start of the year. Expense discipline combined with revenue growth drove strong operating leverage. We delivered record revenue this quarter, well above consensus estimates. We continue to monitor the macroeconomic environment closely. We continue to monitor the macroeconomic environment closely. Digital engagement is accelerating faster than we projected at the start of the year. We are maintaining our current guidance range for the full year. Overall trends remained consistent with what we communicated last quarter. Net interest income grew meaningfully as we continued to gain market share.",0.9666,0.192,0.808,0.0,0.0222,0.028
V,Visa,Q1 2024,2024-01-20,"Visa (V) Q1 2024 Earnings Call. Client deposits grew substantially, reflecting continued confidence in our platform. Expense discipline combined with revenue growth drove strong operating leverage. We delivered record revenue this quarter, well above consensus estimates. Client deposits grew substantially, reflecting continued confidence in our platform. Expense discipline combined with revenue growth drove strong operating leverage. Digital engagement is accelerating faster than we projected at the start of the year. Overall trends remained consistent with what we communicated last quarter. Client deposits grew substantially, reflecting continued confidence in our platform. Our trading and investment banking divisions both posted their best results in years. Digital engagement is accelerating faster than we projected at the start of the year. Expense discipline combined with revenue growth drove strong operating leverage. We delivered record revenue this quarter, well above consensus estimates.",0.9911,0.258,0.742,0.0,0.042,0.0877
V,Visa,Q2 2024,2024-04-16,"Visa (V) Q2 2024 Earnings Call. We are extremely pleased with the momentum across every major business line. We saw stable performance across most business segments. Net interest margin compressed slightly due to a competitive deposit environment. We are extremely pleased with the momentum across every major business line. We are maintaining our current guidance range for the full year. Trading revenue was more volatile than usual given market conditions this quarter. We delivered record revenue this quarter, well above consensus estimates. We've increased loan loss provisions given some early signs of credit normalization. Our trading and investment banking divisions both posted their best results in years. Client deposits grew substantially, reflecting continued confidence in our platform. We are seeing some softness in consumer spending that bears watching. Client deposits grew substantially, reflecting continued confidence in our platform.",0.9801,0.197,0.789,0.014,0.0039,-0.0023
V,Visa,Q3 2024,2024-07-17,"Visa (V) Q3 2024 Earnings Call. Net income was roughly flat year over year, as expected. We saw stable performance across most business segments. Our balance sheet remains well positioned heading into next quarter. Net interest income grew meaningfully as we continued to gain market share. Our balance sheet remains well positioned heading into next quarter. We returned significant capital to shareholders through buybacks and dividend increases. Expense discipline combined with revenue growth drove strong operating leverage. We continue to monitor the macroeconomic environment closely. Our trading and investment banking divisions both posted their best results in years. We are extremely pleased with the momentum across every major business line.",0.98,0.233,0.767,0.0,0.0158,0.0285
V,Visa,Q4 2024,2024-10-16,"Visa (V) Q4 2024 Earnings Call. We delivered record revenue this quarter, well above consensus estimates. We are maintaining our current guidance range for the full year. We delivered record revenue this quarter, well above consensus estimates. Expenses came in slightly higher than anticipated due to continued technology investment. We continue to monitor the macroeconomic environment closely. Net interest margin compressed slightly due to a competitive deposit environment. We are being more conservative in our outlook given macro uncertainty. Digital engagement is accelerating faster than we projected at the start of the year. Trading revenue was more volatile than usual given market conditions this quarter. We continue to monitor the macroeconomic environment closely. Trading revenue was more volatile than usual given market conditions this quarter.",0.8176,0.089,0.893,0.018,-0.0298,-0.0178
V,Visa,Q1 2025,2025-01-16,"Visa (V) Q1 2025 Earnings Call. We saw stable performance across most business segments. Net income was roughly flat year over year, as expected. Our balance sheet remains well positioned heading into next quarter. Net interest margin compressed slightly due to a competitive deposit environment. Net interest income grew meaningfully as we continued to gain market share. We returned significant capital to shareholders through buybacks and dividend increases. We are raising our full-year guidance given the strength we're seeing across segments. We continue to monitor the macroeconomic environment closely. Expenses came in slightly higher than anticipated due to continued technology investment. Expense discipline combined with revenue growth drove strong operating leverage.",0.9764,0.222,0.778,0.0,0.0342,0.0455
V,Visa,Q2 2025,2025-04-14,Visa (V) Q2 2025 Earnings Call. Trading revenue was more volatile than usual given market conditions this quarter. We continue to monitor the macroeconomic environment closely. We've increased loan loss provisions given some early signs of credit normalization. We saw stable performance across most business segments. Overall trends remained consistent with what we communicated last quarter. We are pausing buybacks to preserve capital given the uncertain outlook. Our balance sheet remains well positioned heading into next quarter. Net interest margin compressed slightly due to a competitive deposit environment. We continue to monitor the macroeconomic environment closely. Net interest margin compressed slightly due to a competitive deposit environment.,0.8979,0.153,0.809,0.038,-0.0087,0.0027
V,Visa,Q3 2025,2025-07-11,"Visa (V) Q3 2025 Earnings Call. Client deposits grew substantially, reflecting continued confidence in our platform. Credit quality remains strong, with delinquencies at historic lows. Net interest income grew meaningfully as we continued to gain market share. Our balance sheet remains well positioned heading into next quarter. Net interest income grew meaningfully as we continued to gain market share. Expense discipline combined with revenue growth drove strong operating leverage. We are maintaining our current guidance range for the full year. We continue to monitor the macroeconomic environment closely. Credit quality remains strong, with delinquencies at historic lows.",0.9882,0.324,0.647,0.029,-0.0167,-0.0146
V,Visa,Q4 2025,2025-10-12,"Visa (V) Q4 2025 Earnings Call. We returned significant capital to shareholders through buybacks and dividend increases. We are maintaining our current guidance range for the full year. We are maintaining our current guidance range for the full year. Net interest income grew meaningfully as we continued to gain market share. We are maintaining our current guidance range for the full year. Net income was roughly flat year over year, as expected. Client deposits grew substantially, reflecting continued confidence in our platform. Credit quality remains strong, with delinquencies at historic lows. Expenses came in slightly higher than anticipated due to continued technology investment.",0.9521,0.17,0.814,0.015,-0.0109,-0.0091
