Ticker,Quarter,EarningsDate,NextDayReturn,ThreeDayReturn
JPM,Q1 2024,2024-01-22,0.0054,0.0102
JPM,Q2 2024,2024-04-17,-0.0109,-0.0144
JPM,Q3 2024,2024-07-18,0.0239,0.0411
JPM,Q4 2024,2024-10-15,-0.0509,-0.0614
JPM,Q1 2025,2025-01-11,-0.0009,-0.0175
JPM,Q2 2025,2025-04-11,-0.0058,-0.004
JPM,Q3 2025,2025-07-13,-0.0013,0.0214
JPM,Q4 2025,2025-10-08,-0.0264,-0.0355
GS,Q1 2024,2024-01-21,0.0125,0.0263
GS,Q2 2024,2024-04-18,-0.0061,0.0088
GS,Q3 2024,2024-07-18,0.0483,0.0622
GS,Q4 2024,2024-10-13,-0.0094,0.0035
GS,Q1 2025,2025-01-11,-0.0019,-0.0134
GS,Q2 2025,2025-04-14,-0.0167,-0.0133
GS,Q3 2025,2025-07-10,0.0028,-0.0042
GS,Q4 2025,2025-10-11,0.0095,0.0151
BAC,Q1 2024,2024-01-17,0.0192,0.0503
BAC,Q2 2024,2024-04-21,-0.0001,0.011
BAC,Q3 2024,2024-07-20,0.0128,-0.0072
BAC,Q4 2024,2024-10-13,-0.0168,-0.0106
BAC,Q1 2025,2025-01-12,0.0321,0.0477
BAC,Q2 2025,2025-04-14,-0.0217,-0.0113
BAC,Q3 2025,2025-07-15,-0.022,-0.0317
BAC,Q4 2025,2025-10-10,0.025,0.0387
MS,Q1 2024,2024-01-19,-0.0306,-0.0551
MS,Q2 2024,2024-04-16,-0.0017,0.0071
MS,Q3 2024,2024-07-17,-0.0315,-0.0539
MS,Q4 2024,2024-10-13,-0.0007,-0.0005
MS,Q1 2025,2025-01-14,0.0086,0.0043
MS,Q2 2025,2025-04-15,-0.0199,-0.0337
MS,Q3 2025,2025-07-11,-0.0197,-0.0367
MS,Q4 2025,2025-10-09,0.0289,0.0332
WFC,Q1 2024,2024-01-21,-0.0004,0.0073
WFC,Q2 2024,2024-04-21,-0.0092,-0.006
WFC,Q3 2024,2024-07-18,-0.0159,-0.0068
WFC,Q4 2024,2024-10-17,0.0105,0.0034
WFC,Q1 2025,2025-01-15,-0.005,0.0097
WFC,Q2 2025,2025-04-15,0.0261,0.05
WFC,Q3 2025,2025-07-15,-0.0236,-0.0374
WFC,Q4 2025,2025-10-10,0.0151,0.0099
C,Q1 2024,2024-01-21,0.0042,0.0209
C,Q2 2024,2024-04-18,-0.0338,-0.05
C,Q3 2024,2024-07-18,0.0114,0.0148
C,Q4 2024,2024-10-18,0.0141,0.0063
C,Q1 2025,2025-01-14,-0.0307,-0.0518
C,Q2 2025,2025-04-15,-0.0394,-0.0586
C,Q3 2025,2025-07-13,-0.0099,-0.0216
C,Q4 2025,2025-10-13,-0.0239,-0.0546
PYPL,Q1 2024,2024-01-22,0.0063,-0.0046
PYPL,Q2 2024,2024-04-21,0.0426,0.0517
PYPL,Q3 2024,2024-07-16,-0.0308,-0.0849
PYPL,Q4 2024,2024-10-16,0.0169,0.0315
PYPL,Q1 2025,2025-01-14,0.0005,0.008
PYPL,Q2 2025,2025-04-15,0.029,0.0398
PYPL,Q3 2025,2025-07-14,0.0285,0.0252
PYPL,Q4 2025,2025-10-11,0.0222,0.028
V,Q1 2024,2024-01-20,0.042,0.0877
V,Q2 2024,2024-04-16,0.0039,-0.0023
V,Q3 2024,2024-07-17,0.0158,0.0285
V,Q4 2024,2024-10-16,-0.0298,-0.0178
V,Q1 2025,2025-01-16,0.0342,0.0455
V,Q2 2025,2025-04-14,-0.0087,0.0027
V,Q3 2025,2025-07-11,-0.0167,-0.0146
V,Q4 2025,2025-10-12,-0.0109,-0.0091
